Solution Name,Solution ID,Views,Date Created,Date Modified,3 years,4 years,5+ years,,Total 3,Total 4,Total 5+
How To Access & Submit Your Covid-19 Vaccination Form?,10000060270,1235,Apr-21,Jan-22,X,,,,124,200,268
How to Check for Compliance of Device in Intune,10000078672,617,Mar-23,Mar-23,,,,,,,
Procuring the Monthly O365 Licensing,10000081426,617,Aug-23,Aug-23,,,,,,,
How Do I Request A New Device?,10000015254,587,Aug-18,Sep-21,,,X,,,,
How To Add an Email Signature Instructions for PC,10000014777,459,Aug-18,Nov-23,,,X,,,,
View The Information You Submitted In Your Covid-19 Vaccination Form,10000060271,392,Apr-21,Jun-21,X,,,,,,
Adjusting 401k Throughout the Year,10000043583,278,Dec-19,Dec-19,,,X,,,,
Notification Center Explained,10000058108,253,Feb-21,Feb-21,,X,,,,,
How to Add the COVID-19 Screener to Your Home Screen,10000050922,233,Jun-20,Jun-20,,X,,,,,
What is the AT&T Discount for Being an Employee?,10000014688,190,Aug-18,Dec-22,,,X,,,,
Outlook - Accessing Outlook on the Web,10000019352,166,Oct-18,Nov-20,,,X,,,,
What is the Verizon Discount for Being an Employee?,10000014691,143,Aug-18,May-22,,,X,,,,
Pacific: Adding Printers,10000045092,142,Jan-20,Sep-23,,,X,,,,
Selecting Benefits,10000010368,113,Jul-18,Aug-18,,,X,,,,
Job Number Request - ADB,10000051619,100,Jun-20,Jul-20,,X,,,,,
Vacation & Absence Page Options,10000009982,98,Jul-18,Jul-19,,,X,,,,
How to Distribute Salesforce Surveys,10000047929,87,Mar-20,Apr-20,,X,,,,,
401K,10000010375,87,Jul-18,Aug-18,,,X,,,,
MFA: How to Set-Up Multi Factor Authentication,10000057373,86,Jan-21,Mar-21,,X,,,,,
Password Screen:  LKC New Hire Portal,10000054763,86,Oct-20,Feb-21,,X,,,,,
Creating A New Action Plan,10000050734,84,May-20,Nov-22,,X,,,,,
How do I VPN?,10000032706,83,Apr-19,Jul-23,,,X,,,,
i404 Viewing All Active Action Plans,10000078636,80,Mar-23,Apr-23,,,,,,,
Troubleshooting for Team Members Unable to View Payslips in Sage People,10000044579,76,Jan-20,Jan-20,,,X,,,,
How do I change my password outside of the network?,10000032490,64,Apr-19,Apr-19,,,X,,,,
Password Screen:  LKC New Hire Portal,10000054740,58,Oct-20,Feb-21,,X,,,,,
MS Teams - External Use,10000050656,58,May-20,May-20,,X,,,,,
Enrolling a Mobile Device Into Intune/Company Portal,10000082791,54,Sep-23,Feb-24,,,,,,,
New Hire Benefit Processes,10000042984,53,Nov-19,Nov-19,,,X,,,,
Adding - Removing Dependents to Benefits,10000029139,51,Feb-19,Feb-19,,,X,,,,
Accessing Safety one Stop website,10000054504,48,Oct-20,Feb-21,,X,,,,,
Requesting Vacation (Keeley & Mercury Only),10000009994,47,Jul-18,Jul-19,,,X,,,,
YODECK HARDWARE AND SOFTWARE INSTALLATION,10000091788,46,Jun-24,Jun-24,,,,,,,
What is Phishing?,10000040946,46,Oct-19,Jan-20,,,X,,,,
Salary Change Only,10000010001,46,Jul-18,Jul-19,,,X,,,,
How do I log into my iPhone / iPad?,10000046461,46,Feb-20,Jun-20,,,X,,,,
Request A New Open Position as a Manager,10000010487,42,Jul-18,Jan-20,,,X,,,,
What is the IT Help Desk Contact?,10000014779,42,Aug-18,Dec-21,,,X,,,,
Bonus Only,10000010002,42,Jul-18,Aug-18,,,X,,,,
MFA: Set-Up Microsoft Authenticator App,10000057374,41,Jan-21,Jan-21,,X,,,,,
Organization Chart,10000009972,41,Jul-18,Aug-18,,,X,,,,
i404 Add-in Step By Step Outlook Web Installation,10000070334,39,Apr-22,Apr-22,,,,,,,
Requesting PTO ( ADB/Zero-Day Only),10000009992,39,Jul-18,Aug-18,,,X,,,,
Employee Information,10000009924,39,Jul-18,Aug-18,,,X,,,,
Salesforce CRM- Adding/Copying Campaign Members to a Campaign,10000089540,38,Mar-24,Jul-24,,,,,,,
Team Member Screen:  LKC New Hire Portal,10000054742,37,Oct-20,Jun-21,,X,,,,,
How Do I request A Program To Be Installed?,10000015255,37,Aug-18,Aug-21,,,X,,,,
How to Sign Into P6 on The Remote Desktop,10000030101,36,Mar-19,Dec-24,,,X,,,,
Welcome Email,10000009922,36,Jul-18,Oct-19,,,X,,,,
Single Sign-On Error,10000011344,36,Jul-18,Aug-18,,,X,,,,
i404 Enhanced Search Feature for Key Words,10000078637,34,Mar-23,Mar-23,,,,,,,
Termination,10000010011,34,Jul-18,Aug-18,,,X,,,,
Recognition How-To,10000037436,33,Aug-19,May-20,,,X,,,,
Assess Resumes for Hiring Manager,10000010497,33,Jul-18,Aug-18,,,X,,,,
Outlook - How do I set up Groups / Distribution Lists?,10000021468,32,Nov-18,Aug-19,,,X,,,,
Sage People Human Capital Management / Salesforce Login Redirect,10000011352,32,Jul-18,Jan-20,,,X,,,,
i404 Compliance Dashboard Clickable Numbers,10000078666,31,Mar-23,Mar-23,,,,,,,
Desk Phone Training,10000051306,30,Jun-20,Jun-20,,X,,,,,
"MFA: How to ""Remember Me"" on Your Device",10000057372,30,Jan-21,Jan-21,,X,,,,,
How to Connect to Guest Wifi,10000019642,30,Oct-18,Feb-22,,,X,,,,
Voluntary Life and AD&D for Employee,10000010374,30,Jul-18,Aug-18,,,X,,,,
"MFA: How to ""Remember Me"" on Your Device",10000057372,30,Jan-21,Jan-21,,X,,,,,
Teams - How do I set up a Microsoft Teams conference?,10000033604,29,May-19,Sep-19,,,X,,,,
Accessing a form on Safety One Stop website,10000054505,29,Oct-20,Feb-21,,X,,,,,
Payslips/Payflow - Granting Permissions To Administer,10000071212,29,Jun-22,Jun-22,,,,,,,
Completing Sage People Alerts Manually,10000029117,28,Feb-19,Jun-19,,,X,,,,
Skype - How do I Use Skype Conferencing?,10000021460,28,Nov-18,Aug-19,,,X,,,,
Updating Folder Permissions in Sharepoint,10000017137,28,Sep-18,Sep-18,,,X,,,,
Long Term Disability,10000010371,28,Jul-18,Aug-18,,,X,,,,
VTO Qualifer - Absence Award,10000029658,27,Mar-19,Mar-19,,,X,,,,
Requesting Volunteer PTO,10000009987,27,Jul-18,Aug-18,,,X,,,,
W-4 State Selection Screen:  LKC New Hire Portal,10000054769,27,Oct-20,Jun-21,,X,,,,,
Sage People: Payflow To EverythingBenefits Troubleshooting,10000082044,27,Aug-23,Aug-23,,,,,,,
Getting Started,10000037683,26,Aug-19,Aug-19,,,X,,,,
SharePoint Basics,10000038708,26,Aug-19,Aug-19,,,X,,,,
"401K ""%"" Error (Benefits)",10000011702,26,Aug-18,Aug-18,,,X,,,,
How do I get local admin rights?,10000041492,26,Oct-19,Oct-19,,,X,,,,
i404 New,10000069666,26,Mar-22,Apr-22,,,,,,,
Adding Quick Links To A SharePoint Site,10000031090,25,Mar-19,Mar-19,,,X,,,,
View the Vaccination Card a Team Member Submitted,10000060304,25,Apr-21,Jan-22,X,,,,,,
How to Add COVID-19 Screener to Your Android Home Screen,10000050966,25,Jun-20,Jun-20,,X,,,,,
Verifying that Users have been added to right user group.,10000078674,24,Mar-23,Mar-23,,,,,,,
Event Report - Everything You Need To Know,10000059622,24,Mar-21,Mar-21,X,,,,,,
Pin Sharepoint Library to File Explorer,10000017723,24,Sep-18,Sep-18,,,X,,,,
Keeley Construction FSL - How to Download the FSL App,10000060320,24,Apr-21,Mar-23,X,,,,,,
Outlook - How to Add Another Email Address to the From Dropdown Menu?,10000030824,24,Mar-19,Sep-19,,,X,,,,
Electing Default 401k/SIMPLE thru Benefit Admin,10000042998,23,Nov-19,Nov-19,,,X,,,,
Document Check Screen:  LKC New Hire Portal,10000054741,23,Oct-20,Oct-20,,X,,,,,
i404 Installing the Outlook Add-in,10000070340,23,Apr-22,Apr-22,,,,,,,
Payroll and HR Timberline,10000059062,22,Feb-21,Apr-21,,X,,,,,
OneDrive - Is my OneDrive syncing?,10000022911,22,Nov-18,Aug-19,,,X,,,,
Education Information,10000009969,22,Jul-18,Aug-18,,,X,,,,
Payroll and HR Timberline,10000059062,22,Feb-21,Apr-21,,X,,,,,
Remaping printer with zscaler on,10000080715,21,Jun-23,Jun-23,,,,,,,
FAQ: Keeley Companies Move to New Salesforce Website on 9/27/2021,10000064303,21,Sep-21,Sep-21,X,,,,,,
Merge PDFs,10000037687,21,Aug-19,Aug-19,,,X,,,,
How to Add Apps to an iPad,10000049233,21,Apr-20,Aug-20,,X,,,,,
How to Add the Office Connector Add-in for Excel?,10000015997,21,Sep-18,Jul-22,,,X,,,,
Accessing KeeleyConnections Website,10000054013,21,Sep-20,Sep-20,,X,,,,,
Send Forms,10000040330,21,Oct-19,Oct-19,,,X,,,,
Reviewing Action Plans for Other Team Members,10000052525,21,Jul-20,Jul-20,,X,,,,,
Cell Phone Policy Acknowledgement (Keeley & ADB/Zero-Day Only),10000009954,21,Jul-18,Aug-18,,,X,,,,
How To Log into Coupa Production Environment,10000058514,21,Feb-21,Feb-21,,X,,,,,
Unable to access the Safety One Stop Website,10000054509,21,Oct-20,Feb-21,,X,,,,,
Sage Accounting Local Install,10000023314,20,Dec-18,Dec-18,,,X,,,,
Dependent Care and FSA Benefits,10000010370,20,Jul-18,Aug-18,,,X,,,,
Keeley Construction - Field Service Mobile App,10000060321,20,Apr-21,Mar-23,X,,,,,,
Completing Employee Change Request as HR,10000010012,20,Jul-18,Aug-18,,,X,,,,
On-boarding Forms LKC New Hire Portal,10000054755,20,Oct-20,Jun-21,,X,,,,,
MFA: How-to change your verification method(s),10000057371,20,Jan-21,Jan-21,,X,,,,,
i404 Add-in Offerings of the Add-in,10000070339,20,Apr-22,Apr-22,,,,,,,
Adding Beneficiary To Existing Benefit Record,10000045448,20,Jan-20,Jan-20,,,X,,,,
What are the Password Requirements?,10000019732,19,Oct-18,Aug-20,,,X,,,,
Teams Voice Busy Options,10000079871,19,May-23,May-23,,,,,,,
LKC Union New Hire Portal Keeley U LMS Training Video,10000059265,19,Mar-21,Jun-21,X,,,,,,
Verifying that users Zscaler client is authenticated,10000078724,19,Mar-23,Apr-23,,,,,,,
Emergency Contact,10000009926,19,Jul-18,Aug-18,,,X,,,,
Scoring on the Safety Assessment Forms Explained,10000058019,19,Feb-21,Feb-21,,X,,,,,
Fresh Service Announcements,10000082460,19,Sep-23,May-24,,,,,,,
Multiple 401K elections on Employment Record,10000051338,18,Jun-20,Jun-20,,X,,,,,
Multiple 401K elections on Employment Record,10000051338,18,Jun-20,Jun-20,,X,,,,,
Creating an New Quote,10000054630,18,Oct-20,Oct-20,,X,,,,,
Coupa End to End Training Video,10000058522,18,Feb-21,Feb-21,,X,,,,,
Sage People #KeeleyCares Reporting for Managers,10000034261,18,May-19,Jan-20,,,X,,,,
LKC New Hire Portal Payroll Sage People to Timberline Field Mapping,10000060130,18,Apr-21,Feb-22,X,,,,,,
Transfer,10000010004,18,Jul-18,Aug-18,,,X,,,,
Power/Sleep Mode Settings,10000012715,18,Aug-18,Aug-18,,,X,,,,
OneDrive - How do I upload files to OneDrive for Business?,10000022907,18,Nov-18,Aug-19,,,X,,,,
Mimecast: How does the Mimecast Outlook Add in work?,10000043860,17,Dec-19,Dec-19,,,X,,,,
Voluntary Life and AD&D for Spouse,10000010466,17,Jul-18,Aug-18,,,X,,,,
i404  Bell- Unread Inspections,10000068709,17,Feb-22,Apr-22,X,,,,,,
Federal W-4 Screen:  LKC New Hire Portal,10000054743,17,Oct-20,Oct-20,,X,,,,,
Requesting Floating Holiday - Christmas Eve (Keeley & Mercury Only),10000009995,17,Jul-18,Aug-18,,,X,,,,
Troubleshoot KeeleyConnections Website,10000054014,17,Sep-20,Sep-20,,X,,,,,
OneDrive - If my OneDrive for Business is not set up,10000022908,17,Nov-18,Aug-19,,,X,,,,
i404- How to Get Add-in To Show Up,10000070332,17,Apr-22,Apr-22,,,,,,,
Create A New Benefit Record Outside of Benefit Admin,10000039133,17,Sep-19,Sep-19,,,X,,,,
Archive Mailbox Full/ Auto-Archiving Not Enabled,10000084891,17,Dec-23,Jan-25,,,,,,,
Certification & Qualification Check Sheet (Keeley Only),10000009928,17,Jul-18,Aug-18,,,X,,,,
Add Objects to your PDF,10000037686,17,Aug-19,Aug-19,,,X,,,,
How to Run the Salesforce Importer Job for Verizon COPS?,10000060366,17,Apr-21,Apr-21,X,,,,,,
LKC FSL - Field Service Errors,10000060322,16,Apr-21,Apr-21,X,,,,,,
Payroll and HR Timberline,10000054793,16,Oct-20,Oct-20,,X,,,,,
Manager Notification of Open Position,10000010489,16,Jul-18,Aug-18,,,X,,,,
LKC New Hire Portal Signature Capture,10000059061,16,Feb-21,Feb-21,,X,,,,,
Job Change,10000010008,16,Jul-18,Aug-18,,,X,,,,
Configuration Product Selection Applying Discounts,10000054632,16,Oct-20,Oct-20,,X,,,,,
i404 Admin Features Custom Fields,10000071913,16,Jul-22,Jul-22,,,,,,,
New Dependent>Save and New>Cancel Issue (Benefits),10000012312,16,Aug-18,Aug-18,,,X,,,,
P6 User Creation,10000069653,16,Mar-22,Dec-24,,,,,,,
Manager Notification of Open Position,10000010489,16,Jul-18,Aug-18,,,X,,,,
Payroll and HR Timberline,10000054793,16,Oct-20,Oct-20,,X,,,,,
i404 Overdue Action Plans Showing as Red,10000068708,15,Feb-22,Apr-22,X,,,,,,
Password Protect your PDF,10000037684,15,Aug-19,Aug-19,,,X,,,,
Highlight your PDF,10000037685,15,Aug-19,Aug-19,,,X,,,,
How to Access the L Keeley Non-Union Portal,10000058996,15,Feb-21,Apr-21,,X,,,,,
Adding a Template Type and Creating a New Template / Form in Safety One Stop,10000058827,15,Feb-21,Apr-21,,X,,,,,
How To Back Up With ICloud,10000014695,15,Aug-18,Aug-18,,,X,,,,
How to Upload F2F Meetings to Salesforce using an Excel Template and Data Loader,10000065042,15,Oct-21,Apr-22,X,,,,,,
How to Use the Account Merger Button in Salesforce Classic,10000033786,15,May-19,Jun-22,,,X,,,,
Applying Through the New Candidate Portal,10000010491,15,Jul-18,Oct-19,,,X,,,,
Team Member Screen:  LKC New Hire Portal,10000054768,15,Oct-20,Jun-21,,X,,,,,
i404 Admin Instructions,10000070097,15,Apr-22,Apr-22,,,,,,,
Keeley Construction FSL - Field Service Mobile App Overview,10000060323,15,Apr-21,Mar-23,X,,,,,,
How do I stop getting these meeting acceptance notifications?,10000029794,15,Mar-19,Mar-19,,,X,,,,
How to Create Apple ID's,10000082692,15,Sep-23,Aug-24,,,,,,,
Handbook Acknowledgement,10000009956,15,Jul-18,Aug-18,,,X,,,,
Requesting Personal Unpaid Leave,10000009990,15,Jul-18,Aug-18,,,X,,,,
View the forms you have submitted,10000054508,15,Oct-20,Oct-20,,X,,,,,
Salesforce:  Service Cloud,10000061241,15,May-21,May-21,X,,,,,,
LKC Sage People to Payflow to Timberline Field Mapping,10000060125,15,Apr-21,Apr-21,X,,,,,,
LKC Union New Hire Portal Keeley U LMS Training Video,10000059266,15,Mar-21,Jun-21,X,,,,,,
Editing a Completed Form,10000058072,14,Feb-21,Mar-21,,X,,,,,
Document Check Screen:  LKC New Hire Portal,10000054767,14,Oct-20,Oct-20,,X,,,,,
Corporate Credit Card Policy,10000009952,14,Jul-18,Aug-18,,,X,,,,
Short Term Disability,10000010372,14,Jul-18,Aug-18,,,X,,,,
How do I dial out on a desk phone?,10000028764,14,Feb-19,Jun-20,,,X,,,,
Requesting Floating Holiday - Veterans Day (Keeley & Mercury Only),10000009997,14,Jul-18,Aug-18,,,X,,,,
Exit Form for Intern (Keeley Only),10000009962,14,Jul-18,Aug-18,,,X,,,,
Basic Life Insurance Beneficiary Error (Benefits),10000012377,14,Aug-18,Aug-18,,,X,,,,
InEight Payload Download,10000071880,14,Jul-22,Jul-22,,,,,,,
New Hire Requirements Form,10000010513,14,Jul-18,Aug-18,,,X,,,,
Basic Life Insurance Beneficiary Error (Benefits),10000012377,14,Aug-18,Aug-18,,,X,,,,
Everything you need to know about the Good Catch Form,10000058053,14,Feb-21,Feb-21,,X,,,,,
Sending a Competed Form Back to the Team Member,10000058070,14,Feb-21,Mar-21,,X,,,,,
Editing a Completed Form,10000058072,14,Feb-21,Mar-21,,X,,,,,
Outlook - How to Enable the 'From' Field in Outlook?,10000030823,14,Mar-19,Aug-19,,,X,,,,
Workaround to Sync ZD projects to Open Air - Option 2,10000060946,14,May-21,May-21,X,,,,,,
Accessing the LKC Non-Union New Hire Portal,10000059057,14,Feb-21,Feb-21,,X,,,,,
Enter,10000060367,14,Apr-21,Apr-21,X,,,,,,
Conducting the Interview and Feedback,10000010503,13,Jul-18,Aug-18,,,X,,,,
Outlook - How do I set default email account /  remove email account?,10000042819,13,Nov-19,Nov-19,,,X,,,,
HCM Admin Guide for Training Tracking,10000034619,13,May-19,May-19,,,X,,,,
Approving Offer,10000010516,13,Jul-18,Aug-18,,,X,,,,
What to do when a Team Member needs help filling out the forms in the LKC New Hire Portal?,10000059059,13,Feb-21,Feb-21,,X,,,,,
Check rule entitlement period Error (Vacation and Absence),10000011345,13,Jul-18,Aug-18,,,X,,,,
Mass Deploying New Benefit Set,10000042507,13,Nov-19,Nov-19,,,X,,,,
Add A Customer As An Option For i404,10000073886,13,Sep-22,Sep-22,,,,,,,
Adding hash to blacklist in Sentinel One,10000092269,13,Jul-24,Jul-24,,,,,,,
Add Shared Mailbox to IPhone/IPad,10000043068,13,Nov-19,Nov-19,,,X,,,,
LKC New Hire Portal Incomplete Onboarding Form Information,10000059182,13,Mar-21,Jun-21,X,,,,,,
i404 Action Plans that are due within 5 Days Showing as Yellow,10000068707,13,Feb-22,Apr-22,X,,,,,,
How to give Zscaler Access to Users,10000084948,13,Dec-23,Dec-23,,,,,,,
i404- Ability to view action plans,10000078440,13,Mar-23,Mar-23,,,,,,,
InEight Running Actuals,10000070073,13,Apr-22,May-22,,,,,,,
LKC Non-Union New Hire Portal Keeley U LMS Training Video,10000059268,13,Mar-21,Jun-21,X,,,,,,
Device Tracking Via Intune,10000083198,13,Oct-23,Oct-23,,,,,,,
Dependent Information,10000009927,13,Jul-18,Aug-18,,,X,,,,
i404 Completing an Action Plan,10000068714,13,Feb-22,Apr-22,X,,,,,,
How To Override an Absence Award Pattern,10000030225,13,Mar-19,Mar-19,,,X,,,,
LKC New Hire Portal Incomplete Onboarding Form Information,10000059182,13,Mar-21,Jun-21,X,,,,,,
Add Shared Mailbox to IPhone/IPad,10000043068,13,Nov-19,Nov-19,,,X,,,,
Adding hash to blacklist in Sentinel One,10000092269,13,Jul-24,Jul-24,,,,,,,
Add A Customer As An Option For i404,10000073886,13,Sep-22,Sep-22,,,,,,,
Mass Deploying New Benefit Set,10000042507,13,Nov-19,Nov-19,,,X,,,,
Check rule entitlement period Error (Vacation and Absence),10000011345,13,Jul-18,Aug-18,,,X,,,,
What to do when a Team Member needs help filling out the forms in the LKC New Hire Portal?,10000059059,13,Feb-21,Feb-21,,X,,,,,
Approving Offer,10000010516,13,Jul-18,Aug-18,,,X,,,,
HCM Admin Guide for Training Tracking,10000034619,13,May-19,May-19,,,X,,,,
Outlook - How do I set default email account /  remove email account?,10000042819,13,Nov-19,Nov-19,,,X,,,,
Conducting the Interview and Feedback,10000010503,13,Jul-18,Aug-18,,,X,,,,
W-4 State Selection Screen:  LKC New Hire Portal,10000059006,12,Feb-21,Feb-21,,X,,,,,
i404 Filter By Name,10000068716,12,Feb-22,Apr-22,X,,,,,,
Why You Received An Email Saying Your Form Requires Changes?,10000059882,12,Mar-21,Mar-21,X,,,,,,
Creating or Updating Tiles in the Sage People Portal,10000032673,12,Apr-19,Apr-19,,,X,,,,
Modifying Quote Terms + Generating Quote Document,10000054633,12,Oct-20,Oct-20,,X,,,,,
i404 Edit an Existing AP,10000068711,12,Feb-22,Apr-22,X,,,,,,
Boot Sequence Fix,10000044679,12,Jan-20,Jan-20,,,X,,,,
Submitting your Benefit Selections,10000010376,12,Jul-18,Aug-18,,,X,,,,
New Nomination - HR Button How-To,10000033177,12,Apr-19,Apr-19,,,X,,,,
ZeroDay No longer Available as an Option in the Company List - Keeley U LMS Training Video,10000061768,12,Jun-21,Jun-21,X,,,,,,
Accept/Decline Interview Date and Time,10000010501,12,Jul-18,Jan-20,,,X,,,,
Uploading Training Videos,10000080290,12,Jun-23,Jun-23,,,,,,,
Arizona W-4 or A4 Screen:  LKC New Hire Portal,10000059007,12,Feb-21,Feb-21,,X,,,,,
LKC New Hire Portal Troubleshooting Errors Formatting Issues:  Date,10000059058,12,Feb-21,Feb-21,,X,,,,,
VASP Export Utility,10000093377,12,Aug-24,Aug-24,,,,,,,
Viewing all Completed and In Progress Forms,10000058068,12,Feb-21,Mar-21,,X,,,,,
Changing Runtime of Everything Benefits File Download,10000035696,12,Jun-19,Jun-19,,,X,,,,
Another State Form Screen:  LKC New Hire Portal,10000059010,12,Feb-21,Feb-21,,X,,,,,
LKC New Hire Portal Frequently Asked Questions (FAQ's),10000058634,12,Feb-21,Jun-21,,X,,,,,
VASP Export Utility,10000093377,12,Aug-24,Aug-24,,,,,,,
Adding Questions to the Template / Form in Safety One Stop App,10000058828,12,Feb-21,Apr-21,,X,,,,,
Viewing all Completed and In Progress Forms,10000058068,12,Feb-21,Mar-21,,X,,,,,
Changing Runtime of Everything Benefits File Download,10000035696,12,Jun-19,Jun-19,,,X,,,,
Another State Form Screen:  LKC New Hire Portal,10000059010,12,Feb-21,Feb-21,,X,,,,,
Arizona W-4 or A4 Screen:  LKC New Hire Portal,10000059007,12,Feb-21,Feb-21,,X,,,,,
Enroll Button not Visible to End User,10000012918,12,Aug-18,Aug-18,,,X,,,,
LKC New Hire Portal Frequently Asked Questions (FAQ's),10000058634,12,Feb-21,Jun-21,,X,,,,,
How to Set up a Microsoft Teams Phone Number for a User,10000084526,12,Dec-23,Dec-23,,,,,,,
i404 Admin Site Branding,10000072029,12,Jul-22,Jul-22,,,,,,,
Creating i404 Admin Users,10000091968,11,Jul-24,Jul-24,,,,,,,
How to Add Team Members that were with you at the Job Site?,10000060647,11,Apr-21,Apr-21,X,,,,,,
Salesforce Reports,10000014942,11,Aug-18,Aug-18,,,X,,,,
Salesforce CRM - Export A Campaign's Member List,10000072590,11,Aug-22,Aug-22,,,,,,,
Update a Team Members Response on the Covid-19 Vaccination Form,10000060302,11,Apr-21,Apr-21,X,,,,,,
Edit An Existing Published Form,10000058866,11,Feb-21,Apr-21,,X,,,,,
Duplicate emails,10000090706,11,May-24,May-24,,,,,,,
Requesting FMLA (ADB/Zero-Day Only),10000009993,11,Jul-18,Aug-18,,,X,,,,
Word - How do I mail merge using MS Word?,10000024583,11,Dec-18,Aug-19,,,X,,,,
Illinois W-4 Screen:  LKC New Hire Portal,10000059008,11,Feb-21,Feb-21,,X,,,,,
MFA Not Functioning - Old Office Product,10000039159,11,Sep-19,Mar-21,,,X,,,,
NEAT PAD GUIDE FOR TEAMS,10000091097,11,May-24,May-24,,,,,,,
i404 Compliance Snapshot Feature,10000077957,11,Feb-23,Feb-23,,,,,,,
i404 Mass Non-compliant users,10000071952,11,Jul-22,Jul-22,,,,,,,
Everything you need to know about the COVID-19 Assessment Form,10000058059,11,Feb-21,Feb-21,,X,,,,,
On-boarding Forms LKC New Hire Portal,10000059015,11,Feb-21,Feb-21,,X,,,,,
How do I request a new user outside of SagePeople?,10000035220,11,Jun-19,Jun-19,,,X,,,,
Why You May be Seeing a Pop Up Message?,10000062681,11,Jul-21,May-23,X,,,,,,
Document on Managing WX Services,10000073168,11,Aug-22,Aug-22,,,,,,,
InEight Basic Trouble Shooting/Information,10000067729,11,Jan-22,Jan-22,X,,,,,,
i404- How to update 'Gimme Action Plans' for users,10000075634,11,Nov-22,Nov-22,,,,,,,
Run DLL Error,10000026671,11,Jan-19,Jan-19,,,X,,,,
Yodeck,10000083192,11,Oct-23,Aug-24,,,,,,,
Notification Center - Keeley U LMS Training Video,10000061766,11,Jun-21,Jun-21,X,,,,,,
Demotion,10000010005,11,Jul-18,Aug-18,,,X,,,,
NEAT PAD GUIDE FOR TEAMS,10000091097,11,May-24,May-24,,,,,,,
Word - How do I mail merge using MS Word?,10000024583,11,Dec-18,Aug-19,,,X,,,,
Requesting FMLA (ADB/Zero-Day Only),10000009993,11,Jul-18,Aug-18,,,X,,,,
Duplicate emails,10000090706,11,May-24,May-24,,,,,,,
Update a Team Members Response on the Covid-19 Vaccination Form,10000060302,11,Apr-21,Apr-21,X,,,,,,
How to Add Team Members that were with you at the Job Site?,10000060647,11,Apr-21,Apr-21,X,,,,,,
LKC FSL - End to End - Full Overview of the Service Appointment Workflow,10000060332,10,Apr-21,Apr-21,X,,,,,,
i404 Admin Feature User Sync,10000072059,10,Jul-22,Jul-22,,,,,,,
LKC FSL Getting Directions to Your Service Appointment,10000060325,10,Apr-21,Apr-21,X,,,,,,
Safety One Stop (SOS) Add Question Type to Allow Instructions,10000070013,10,Apr-22,Apr-22,,,,,,,
Installing the new i-404 icon,10000069622,10,Mar-22,Apr-22,,,,,,,
View / Edit a Form You Submitted for Review,10000059620,10,Mar-21,Mar-21,X,,,,,,
Missouri W-4 Screen LKC New Hire Portal,10000059009,10,Feb-21,Feb-21,,X,,,,,
Why you may not be receiving the Email Notification?,10000058162,10,Feb-21,Feb-21,,X,,,,,
Everything you need to know about the Safety Assessment Form,10000058024,10,Feb-21,Feb-21,,X,,,,,
Checking / Validation for Onboarding Screen:  LKC New Hire Portal,10000054779,10,Oct-20,Oct-20,,X,,,,,
Another State Form Screen:  LKC New Hire Portal,10000054773,10,Oct-20,Oct-20,,X,,,,,
i404- How to update 'Gimme Inspections' for users,10000075636,10,Nov-22,Nov-22,,,,,,,
Checking / Validation for Onboarding Screen:  LKC New Hire Portal,10000054753,10,Oct-20,Oct-20,,X,,,,,
Who Approved / Finalized Your Form?,10000059862,10,Mar-21,Mar-21,X,,,,,,
i404 Inspecting Someone's APs,10000068717,10,Feb-22,Apr-22,X,,,,,,
New Cards on the Safety One Stop Home Page,10000061266,10,May-21,May-21,X,,,,,,
Saving a Copy of An Existing Salesforce Report,10000049188,10,Apr-20,Apr-20,,X,,,,,
i404 Add-in How to Pin the Add-in,10000070333,10,Apr-22,Apr-22,,,,,,,
Event Report - Keeley U LMS Training Video,10000061767,10,Jun-21,Jun-21,X,,,,,,
Another State Screen:  LKC New Hire Portal,10000054750,10,Oct-20,Oct-20,,X,,,,,
OneDrive - How does OneDrive for Business on the web work?,10000023200,10,Dec-18,Aug-19,,,X,,,,
Anti-Harassment Policy (Keeley Only),10000009955,10,Jul-18,Aug-18,,,X,,,,
PlanSwift,10000014943,10,Aug-18,Aug-18,,,X,,,,
Adding Dependents with no name Error (Benefits),10000012344,10,Aug-18,Aug-18,,,X,,,,
Reviewing Submitted References,10000010512,10,Jul-18,Aug-18,,,X,,,,
How to Use the Account Merger Button in Salesforce Lightning,10000033785,10,May-19,Jun-22,,,X,,,,
Voluntary Life and AD&D for Child,10000010467,10,Jul-18,Aug-18,,,X,,,,
Temporary Access Pass (TAP),10000093435,10,Aug-24,Nov-24,,,,,,,
Using the Project Portfolio Button in Salesforce Lightning Experience,10000035980,10,Jun-19,Jun-19,,,X,,,,
How do I update my title in my signature?,10000038208,10,Aug-19,Dec-20,,,X,,,,
Scheduling Interviews,10000010502,9,Jul-18,Aug-18,,,X,,,,
Employee Federal I-9:  LKC New Hire Portal,10000054752,9,Oct-20,Oct-20,,X,,,,,
How to Create a Salesforce User,10000091264,9,May-24,Dec-24,,,,,,,
On-boarding Forms LKC New Hire Portal,10000062161,9,Jun-21,Jun-21,X,,,,,,
i404 Customers into Salesforce,10000074242,9,Sep-22,Sep-22,,,,,,,
How to Create Custom Email Templates/ Notifications?,10000062574,9,Jul-21,Jul-21,X,,,,,,
How to Subscribe to Custom Notifications on Safety One Stop?,10000062610,9,Jul-21,May-23,X,,,,,,
Employee Federal I-9 Screen:  LKC New Hire Portal,10000054776,9,Oct-20,Oct-20,,X,,,,,
You Don't See ZeroDay as a Company on Safety One Stop?,10000060938,9,May-21,May-21,X,,,,,,
Change Automatic Replies for secondary Mailboxes,10000060509,9,Apr-21,Apr-21,X,,,,,,
How to Edit a Finalized Form?,10000060424,9,Apr-21,Apr-21,X,,,,,,
SOLUTION: Review the Following errors: The following Sales Tax fields cannot be empty for Closed Won Opportunities: Performance Type,10000012528,9,Aug-18,Aug-18,,,X,,,,
i404- Search Feature,10000078368,9,Mar-23,Mar-23,,,,,,,
Submitting References as Candidate,10000010505,9,Jul-18,Aug-18,,,X,,,,
How to Add a Dependent in Sage People,10000038937,9,Sep-19,Sep-19,,,X,,,,
Leave of Absence,10000010009,9,Jul-18,Aug-18,,,X,,,,
i404 Creating a new AP,10000068710,9,Feb-22,Apr-23,X,,,,,,
Requesting Sick Leave (Keeley & Mercury Only),10000009999,9,Jul-18,Jul-19,,,X,,,,
Remove Security Warning from M365 Apps,10000093983,9,Sep-24,Sep-24,,,,,,,
Safety One Stop (SOS) Add Project Name (if applicable) to the file name when downloading PDF,10000070014,9,Apr-22,Apr-22,,,,,,,
Troubleshooting macOS Freeze Issues with Zscaler,10000093817,9,Sep-24,Sep-24,,,,,,,
Remove Security Warning from M365 Apps,10000093983,9,Sep-24,Sep-24,,,,,,,
Insert Delete & Rotate in your PDF,10000037689,9,Aug-19,Aug-19,,,X,,,,
i404- Compliance Snapshot,10000076668,9,Jan-23,Jan-23,,,,,,,
How to Add Options to Status for Campaigns in Salesforce,10000046292,8,Feb-20,Feb-20,,,X,,,,
Updating Offline Address Book,10000084562,8,Dec-23,Dec-23,,,,,,,
LKC New Hire Portal - Bypassing the State Form,10000062160,8,Jun-21,Jun-21,X,,,,,,
InEight Running Commitments,10000070074,8,Apr-22,May-22,,,,,,,
Assign a Custom Email Template/ Notification to an Answer Option,10000062577,8,Jul-21,Jul-21,X,,,,,,
SSL Cert - AZ-SQL,10000091664,8,Jun-24,Jun-24,,,,,,,
Deactivating Users from i4.0.4,10000070011,8,Apr-22,Apr-22,,,,,,,
How to Allow Team Members to Define Who Was at the Job Site?,10000060648,8,Apr-21,Apr-21,X,,,,,,
How to create Secure Folders in Fresh Service,10000073033,8,Aug-22,Aug-22,,,,,,,
How To Add The Job Number/Supervisor/Subcontractor Fields To The General Information Page,10000060036,8,Apr-21,Apr-21,X,,,,,,
Workaround to Sync ZD projects to Open Air - Option 1,10000057055,8,Jan-21,May-21,,X,,,,,
Blocking URLs in Mimecast,10000092219,8,Jul-24,Jul-24,,,,,,,
Knowledge base article on using urlscan.io to analyze URLs,10000092270,8,Jul-24,Jul-24,,,,,,,
How to locate phishing email in Advanced hunting in defender.,10000092329,8,Jul-24,Jul-24,,,,,,,
Deploying Custom iOS Apps using InTune,10000083770,8,Nov-23,Nov-23,,,,,,,
LKC Non-Union New Hire Portal Keeley U LMS Training Video,10000059264,8,Mar-21,Jun-21,X,,,,,,
Salesforce projects not syncing with Open Air,10000058201,8,Feb-21,Feb-21,,X,,,,,
i404 My Active Action Plans,10000068723,8,Feb-22,Apr-22,X,,,,,,
How to Publish a Form,10000058927,8,Feb-21,Apr-21,,X,,,,,
i404 Org Chart,10000068722,8,Feb-22,Apr-22,X,,,,,,
Macro Exceptions (Technician and End User instructions),10000092724,8,Aug-24,Aug-24,,,,,,,
i404 Marking an AP as Private,10000068712,8,Feb-22,Apr-22,X,,,,,,
Adding Scoring to Questions on a Form,10000058864,8,Feb-21,Apr-21,,X,,,,,
i404 Admin Menu,10000068769,8,Feb-22,Apr-22,X,,,,,,
InEight Adding An Admin,10000067728,8,Jan-22,Feb-22,X,,,,,,
How to create Secure Folders in Fresh Service,10000073033,8,Aug-22,Aug-22,,,,,,,
How to Allow Team Members to Define Who Was at the Job Site?,10000060648,8,Apr-21,Apr-21,X,,,,,,
SSL Cert - AZ-SQL,10000091664,8,Jun-24,Jun-24,,,,,,,
Assign a Custom Email Template/ Notification to an Answer Option,10000062577,8,Jul-21,Jul-21,X,,,,,,
LKC New Hire Portal - Bypassing the State Form,10000062160,8,Jun-21,Jun-21,X,,,,,,
Manually Adding a Shared Mailbox,10000084745,7,Dec-23,Dec-23,,,,,,,
Why You Received An Email Saying Your Form Is Due Soon?,10000059863,7,Mar-21,Mar-21,X,,,,,,
Navigating the Announcements Tab,10000032663,7,Apr-19,May-19,,,X,,,,
How to Finalize Forms Submitted for Review,10000059374,7,Mar-21,Apr-21,X,,,,,,
LKC Non-Union New Hire Portal Keeley U LMS Training Video,10000059269,7,Mar-21,Oct-21,X,,,,,,
Navigating the Safety Tab,10000033337,7,May-19,May-19,,,X,,,,
How to Unpublish a Form,10000059238,7,Mar-21,Apr-21,X,,,,,,
Troubleshooting LKC New Hire Portal Issues With Not Being Able to Complete,10000059181,7,Mar-21,May-21,X,,,,,,
LKC New Hire Portal Frequently Asked Questions (FAQ's),10000059056,7,Feb-21,Feb-21,,X,,,,,
Federal W-4 Screen:  LKC New Hire Portal,10000059012,7,Feb-21,Feb-21,,X,,,,,
Turning Off A Notification on Safety One Stop,10000058161,7,Feb-21,Feb-21,,X,,,,,
Adding the Safety Auditor Website Link as an App on your Phone,10000058067,7,Feb-21,Feb-21,,X,,,,,
Scoring on the COVID-19 Assessment Form Explained,10000058060,7,Feb-21,Feb-21,,X,,,,,
Everything you need to know about the Coaching Session Form,10000058029,7,Feb-21,Feb-21,,X,,,,,
Using Message tracking in Mimecast to provide analysis,10000079352,7,Apr-23,Jul-24,,,,,,,
Active Directory Password Resets,10000081159,7,Jul-23,Jul-24,,,,,,,
Create and Send Offer,10000010514,7,Jul-18,Aug-18,,,X,,,,
Voluntary Life Not Allowing For Correct Election,10000051339,7,Jun-20,Jun-20,,X,,,,,
Return from LOA,10000010010,7,Jul-18,Aug-18,,,X,,,,
i404 Filter on Unread Inspections,10000068715,7,Feb-22,Apr-22,X,,,,,,
All Active APs Add yourself As A Collaborator,10000068718,7,Feb-22,Apr-22,X,,,,,,
How to Subscribe to a Salesforce Report,10000067894,7,Jan-22,Jan-22,X,,,,,,
OneDrive Sync Issues,10000091004,7,May-24,May-24,,,,,,,
i404 Maintenance Mode,10000068766,7,Feb-22,Apr-22,X,,,,,,
Drug Screen Authorization and Consent (Non Keeley),10000009963,7,Jul-18,Aug-18,,,X,,,,
OneDrive Sync Issues,10000091004,7,May-24,May-24,,,,,,,
How to Subscribe to a Salesforce Report,10000067894,7,Jan-22,Jan-22,X,,,,,,
All Active APs Add yourself As A Collaborator,10000068718,7,Feb-22,Apr-22,X,,,,,,
i404 Filter on Unread Inspections,10000068715,7,Feb-22,Apr-22,X,,,,,,
Return from LOA,10000010010,7,Jul-18,Aug-18,,,X,,,,
Voluntary Life Not Allowing For Correct Election,10000051339,7,Jun-20,Jun-20,,X,,,,,
Revoking Sessions & Disabling Accounts,10000092465,6,Jul-24,Jul-24,,,,,,,
Requesting Sick Leave -With Error Solution,10000039598,6,Sep-19,Sep-19,,,X,,,,
Re-enabling User Accounts,10000092468,6,Jul-24,Jul-24,,,,,,,
LKC FSL - How to Complete and Create a Service Report in the Field Service Mobile App,10000060331,6,Apr-21,Apr-21,X,,,,,,
LKC FSL - How to Complete a Service Appointment,10000060329,6,Apr-21,Apr-21,X,,,,,,
Adding Users to the TLS group in zscaler to improve network speeds,10000092796,6,Aug-24,Aug-24,,,,,,,
Reviewing Submitted References as a Recruiter,10000010508,6,Jul-18,Aug-18,,,X,,,,
LKC FSL - How To Add Photos to a Service Appointment using SharinPix and Field Service Mobile Apps,10000060328,6,Apr-21,Apr-21,X,,,,,,
LKC FSL How to Update / Change the Status on a Service Appointment,10000060326,6,Apr-21,Apr-21,X,,,,,,
LKC New Hire Portal Frequently Asked Questions (FAQ's),10000058635,6,Feb-21,Feb-21,,X,,,,,
How to Use Broadbean in Sage People,10000030786,6,Mar-19,Mar-19,,,X,,,,
Accessing/ Viewing the Templates/Forms that were Created and Saved,10000058829,6,Feb-21,Apr-21,,X,,,,,
Employer Federal I-9:  LKC New Hire Portal,10000059014,6,Feb-21,Feb-21,,X,,,,,
Enscape License Renewal/License Help,10000084840,6,Dec-23,Feb-25,,,,,,,
Affirmative Action Survey,10000009951,6,Jul-18,Aug-18,,,X,,,,
How To Allow Team Members To Charge Time Against A Job?,10000060068,6,Apr-21,Apr-21,X,,,,,,
Salesforce Email Template in Flow,10000077135,6,Jan-23,Jan-23,,,,,,,
i404 User Sync,10000068774,6,Feb-22,Apr-22,X,,,,,,
ShareFile for Outlook how tos,10000085089,6,Dec-23,Dec-23,,,,,,,
ShareFile configuring people settings,10000085106,6,Dec-23,Jan-24,,,,,,,
i404 Creating A Group,10000068720,6,Feb-22,Apr-22,X,,,,,,
Missouri W-4 Form Screen:  LKC New Hire Portal,10000059001,6,Feb-21,Feb-21,,X,,,,,
Checking / Validation for Onboarding Screen:  LKC New Hire Portal,10000059004,6,Feb-21,Feb-21,,X,,,,,
On-boarding Forms LKC New Hire Portal,10000059005,6,Feb-21,Feb-21,,X,,,,,
LKC New Hire Portal - Bypassing the State Form,10000060994,6,May-21,May-21,X,,,,,,
Ohio IT4 or W4 Screen:  LKC New Hire Portal,10000062159,6,Jun-21,Jun-21,X,,,,,,
i404 Creating A Group,10000068720,6,Feb-22,Apr-22,X,,,,,,
i404 Dashboard,10000068721,6,Feb-22,Apr-22,X,,,,,,
i404 User Sync,10000068774,6,Feb-22,Apr-22,X,,,,,,
Salesforce Email Template in Flow,10000077135,6,Jan-23,Jan-23,,,,,,,
Enscape License Renewal/License Help,10000084840,6,Dec-23,Feb-25,,,,,,,
ShareFile for Outlook how tos,10000085089,6,Dec-23,Dec-23,,,,,,,
ShareFile configuring people settings,10000085106,6,Dec-23,Jan-24,,,,,,,
Using Mimecast to forward EML to Cyber@keeleycompanies.com,10000092185,6,Jul-24,Jul-24,,,,,,,
Pulling file hashes from attachments from Mimecast,10000092188,6,Jul-24,Jul-24,,,,,,,
Using Virustotal to investigate phishing.,10000092306,6,Jul-24,Jul-24,,,,,,,
Revoking Sessions & Disabling Accounts,10000092465,6,Jul-24,Jul-24,,,,,,,
Re-enabling User Accounts,10000092468,6,Jul-24,Jul-24,,,,,,,
Adding Users to the TLS group in zscaler to improve network speeds,10000092796,6,Aug-24,Aug-24,,,,,,,
Background Check Authorization Form (Non Keeley),10000009964,5,Jul-18,Aug-18,,,X,,,,
Sending Resumes to Other Hiring Managers via Sage People,10000034686,5,May-19,Jan-20,,,X,,,,
Arizona W-4 or A4 Screen:  LKC New Hire Portal,10000054746,5,Oct-20,Oct-20,,X,,,,,
Illinois W-4 Screen:  LKC New Hire Portal,10000054747,5,Oct-20,Oct-20,,X,,,,,
Illinois W-4 Screen:  LKC New Hire Portal,10000054771,5,Oct-20,Oct-20,,X,,,,,
Missouri W-4 Screen LKC New Hire Portal,10000054772,5,Oct-20,Oct-20,,X,,,,,
Federal W-4 Screen:  LKC New Hire Portal,10000054775,5,Oct-20,Oct-20,,X,,,,,
Employer Federal I-9:  LKC New Hire Portal,10000054777,5,Oct-20,Oct-20,,X,,,,,
Image not showing on the PDF,10000058327,5,Feb-21,Feb-21,,X,,,,,
Another State Screen:  LKC New Hire Portal,10000059002,5,Feb-21,Feb-21,,X,,,,,
Employee Federal I-9 LKC New Hire Portal,10000059003,5,Feb-21,Feb-21,,X,,,,,
Employee Federal I-9 Screen:  LKC New Hire Portal,10000059013,5,Feb-21,Feb-21,,X,,,,,
Ohio IT4 or W4 Screen:  LKC New Hire Portal,10000062157,5,Jun-21,Jun-21,X,,,,,,
How to Create/ Assign Custom Alerts?,10000062663,5,Jul-21,Jul-21,X,,,,,,
i404 Mobile Application Installation,10000072417,5,Jul-22,Jul-22,,,,,,,
i404 Web and Add-in My Collaborations,10000076679,5,Jan-23,Jan-23,,,,,,,
How to pull list of users from email investigation in Microsoft,10000093451,5,Aug-24,Aug-24,,,,,,,
Enrollment Token Renewal - after accepting Terms & Conditions,10000094075,5,Sep-24,Sep-24,,,,,,,
How to Check Sign-In Activity in Microsoft,10000092514,4,Jul-24,Jul-24,,,,,,,
Adding Users to Nordpass,10000095616,4,Dec-24,Dec-24,,,,,,,
i404 Granting New Users Access,10000095899,4,Dec-24,Dec-24,,,,,,,
Team Member Form,10000015247,3,Aug-18,Oct-18,,,X,,,,
Sign In,10000018448,3,Oct-18,Oct-18,,,X,,,,
Assigning A Unique ID After Creating A Team Member,10000033117,3,Apr-19,May-19,,,X,,,,
Change Management Process,10000054419,3,Sep-20,Sep-20,,X,,,,,
Why do my office apps keep disappearing from search?,10000095424,3,Nov-24,Nov-24,,,,,,,
Apple Business Manager Login,10000095820,3,Dec-24,Dec-24,,,,,,,
SharePoint External User Sharing,10000096529,3,Jan-25,Jan-25,,,,,,,
Submit/Save Error,10000015253,2,Aug-18,Oct-18,,,X,,,,
How to Transfer a Team Member to a New Company,10000033616,2,May-19,May-19,,,X,,,,
Error: Http failure response ... GetManager: 400 Bad Request,10000058031,2,Feb-21,Feb-21,,X,,,,,
HR Department Field,10000015244,1,Aug-18,Oct-18,,,X,,,,
Accessing Shared Passwords,10000039894,1,Sep-19,Sep-19,,,X,,,,
Accessing Safety One Stop Website To Troubleshoot,10000054528,1,Oct-20,Oct-20,,X,,,,,
Server Reboot Fix,10000056894,1,Jan-21,Jan-21,,X,,,,,
"How to use the new menu item ""My Team""",10000059262,1,Mar-21,Mar-21,X,,,,,,
SagePeople bug fix for DOB,10000050972,0,Jun-20,Jun-20,,X,,,,,
Controlling HR Requests Time Out When Finalizing,10000053281,0,Aug-20,Aug-20,,X,,,,,
"Payslips Showing ""This process is currently unavailable for this team member or team""",10000053295,0,Aug-20,Aug-20,,X,,,,,
Non Admins Are Unable To Deploy HCM Forms Manually To Team Members,10000054850,0,Oct-20,Oct-20,,X,,,,,
Viewing Members and Groups Within HCM,10000014674,0,Aug-18,Oct-18,,,X,,,,
Starting the Process,10000015239,0,Aug-18,Oct-18,,,X,,,,
Employment Details Form,10000015249,0,Aug-18,Oct-18,,,X,,,,
Salary Form,10000015251,0,Aug-18,Oct-18,,,X,,,,
Create a New Lead,10000018449,0,Oct-18,Oct-18,,,X,,,,
New Lead Profile Page,10000018451,0,Oct-18,Oct-18,,,X,,,,
Convert Lead,10000018452,0,Oct-18,Oct-18,,,X,,,,
LKC Cell Phone Onboarding Checklist,10000021481,0,Nov-18,Feb-22,,,X,,,,
Mapped Drives,10000025745,0,Jan-19,Dec-24,,,X,,,,
Contacts for Apps,10000026399,0,Jan-19,Feb-25,,,X,,,,
POLICY: Local Administrative Rights,10000028509,0,Feb-19,Aug-20,,,X,,,,
Printers,10000028851,0,Feb-19,Mar-25,,,X,,,,
Installation - On Screen Take Off,10000029488,0,Mar-19,Jan-24,,,X,,,,
Mac - How to setup a Mac?,10000031302,0,Mar-19,Feb-24,,,X,,,,
Mac - Remote Access,10000031556,0,Apr-19,Apr-19,,,X,,,,
Setting up a Laptop Checklist - New Hire,10000031557,0,Apr-19,Mar-24,,,X,,,,
iPad Process – Data & Wifi,10000031649,0,Apr-19,Mar-21,,,X,,,,
iPad Process – Wifi Only,10000031721,0,Apr-19,Mar-21,,,X,,,,
Executive Printer,10000031726,0,Apr-19,Nov-19,,,X,,,,
AD Groups,10000031942,0,Apr-19,Jan-20,,,X,,,,
Logging Onto Action Planning and Getting Access,10000032562,0,Apr-19,Sep-19,,,X,,,,
Accidentally Confirming an Action on Sage People,10000032695,0,Apr-19,May-19,,,X,,,,
Conference Room SX-80 Tablet Configs,10000032830,0,Apr-19,May-19,,,X,,,,
Add Collaborator(s) To Your Action Plan,10000033108,0,Apr-19,Sep-19,,,X,,,,
Add Yourself As A Collaborator To Another Team Members Action Plan,10000033110,0,Apr-19,Sep-19,,,X,,,,
Remove Yourself As A Collaborator On Another Team Member's Action Plan,10000033112,0,Apr-19,Sep-19,,,X,,,,
SX-80 Stuck at Dialing Out,10000033288,0,May-19,May-19,,,X,,,,
Ewing Scanning,10000033683,0,May-19,May-19,,,X,,,,
Sage / Aatrix Update,10000034260,0,May-19,Jul-19,,,X,,,,
Editing The IT Help Center On SharePoint Main Pages,10000035406,0,Jun-19,Jun-19,,,X,,,,
Setting up a Laptop Checklist - Replacement,10000035644,0,Jun-19,May-21,,,X,,,,
Force Restore iPhone/iPad,10000035694,0,Jun-19,Jun-19,,,X,,,,
Front Desk Phones,10000036316,0,Jul-19,Jul-19,,,X,,,,
Server Room Check,10000036361,0,Jul-19,Oct-19,,,X,,,,
Removing SharePoint Prompt When Opening A File In BlueBeam,10000036927,0,Jul-19,Jul-19,,,X,,,,
Pacific Training Room Setup - KeeleyU,10000037613,0,Aug-19,Aug-19,,,X,,,,
High-severity alert: A potentially malicious URL click was detected.,10000038103,0,Aug-19,Oct-19,,,X,,,,
How to Change an Email Address in Sage People,10000038891,0,Sep-19,Nov-19,,,X,,,,
How to Help A Team Member log-in to Sage People for the first time,10000038892,0,Sep-19,Sep-19,,,X,,,,
How to Create a Sage People Password for A Team Member,10000038893,0,Sep-19,Feb-20,,,X,,,,
Troubleshooting Salesforce User Access and How to Reset a Salesforce Password,10000039076,0,Sep-19,Dec-23,,,X,,,,
KeeleyU - You are only able to log into branch URLs.,10000039129,0,Sep-19,Sep-19,,,X,,,,
AT&T,10000039175,0,Sep-19,Sep-19,,,X,,,,
Update a Username In Sage People,10000039179,0,Sep-19,Sep-19,,,X,,,,
Onboarding,10000039289,0,Sep-19,Sep-19,,,X,,,,
Low-severity alert: Creation of forwarding/redirect rule,10000040829,0,Oct-19,Oct-19,,,X,,,,
Cloud App Security: Suspicious session detected,10000040830,0,Oct-19,Oct-19,,,X,,,,
Medium-severity alert: Unusual volume of file deletion,10000040839,0,Oct-19,Oct-19,,,X,,,,
[MEDIUM] Alert for Sophos Central [The Keeley Companies]: We detected a potentially unwanted application,10000040850,0,Oct-19,Oct-19,,,X,,,,
[HIGH] Alert for Sophos Central [The Keeley Companies]: License(s) expired!,10000040851,0,Oct-19,Oct-19,,,X,,,,
[HIGH] Alert for Sophos Central [The Keeley Companies],10000040852,0,Oct-19,Oct-19,,,X,,,,
[MEDIUM] Alert for Sophos Central [The Keeley Companies]: You need to restart a computer to complete an update,10000040853,0,Oct-19,Oct-19,,,X,,,,
[MEDIUM] Alert for Sophos Central [The Keeley Companies]: A computer does not comply with its Sophos Central policy,10000040854,0,Oct-19,Oct-19,,,X,,,,
[HIGH] Alert for Sophos Central [The Keeley Companies]: Real-time protection is disabled on a computer,10000040855,0,Oct-19,Oct-19,,,X,,,,
[MEDIUM] Alert for Sophos Central [The Keeley Companies]: A computer is out of date,10000040856,0,Oct-19,Oct-19,,,X,,,,
Medium-severity alert: Inbox Rule,10000040857,0,Oct-19,Oct-19,,,X,,,,
Medium-severity alert: Unusual volume of DLP policy matches,10000040894,0,Oct-19,Oct-19,,,X,,,,
L. Keeley Construction Project Won Alert,10000041344,0,Oct-19,Apr-21,,,X,,,,
Team Member Manager Change Alert,10000042578,0,Nov-19,Nov-19,,,X,,,,
Team Member Job Title Change Alert,10000042579,0,Nov-19,May-21,,,X,,,,
Notification of Terminating Employee,10000042580,0,Nov-19,May-21,,,X,,,,
Unique ID of Team Member,10000042584,0,Nov-19,Nov-19,,,X,,,,
Team Member Photo Uploaded,10000042592,0,Nov-19,Jan-20,,,X,,,,
New Hire Requires Attention (with Laptop,10000042593,0,Nov-19,Feb-21,,,X,,,,
Sage 300 License Information,10000042738,0,Nov-19,Jul-20,,,X,,,,
Updating Machines,10000042744,0,Nov-19,Nov-19,,,X,,,,
Alert: New Threat Detected - Phishing Link Clicked,10000042759,0,Nov-19,Nov-19,,,X,,,,
Alert: New Threat Detected - Malware Network Traffic,10000042763,0,Nov-19,Nov-19,,,X,,,,
POLICY: End User No Response on Tickets,10000042777,0,Nov-19,Nov-19,,,X,,,,
PROCESS: Temporary User Accounts (vendors,10000043214,0,Dec-19,Jul-20,,,X,,,,
POLICY: Assigning Tickets,10000043380,0,Dec-19,Dec-19,,,X,,,,
Delayed: Your message hasn't been delivered yet,10000043475,0,Dec-19,Dec-19,,,X,,,,
Tablet Configuration - Android,10000043837,0,Dec-19,Feb-20,,,X,,,,
QuickBooks,10000043930,0,Dec-19,Mar-20,,,X,,,,
KDG VPN Solution,10000043958,0,Dec-19,Jun-20,,,X,,,,
How to Send a Performance Review to a Team Member,10000044064,0,Jan-20,Jan-20,,,X,,,,
Troubleshoot PTO Awards,10000044101,0,Jan-20,Jan-20,,,X,,,,
POLICY - Tickets that are projects,10000044103,0,Jan-20,Jul-20,,,X,,,,
Troubleshoot Report File: : Connectivity_Errors_.XLS,10000044256,0,Jan-20,Jan-20,,,X,,,,
Performance Evaluations: Wrong Performance Evaluation Deployed ,10000044327,0,Jan-20,Feb-20,,,X,,,,
EverythingBenefits: File Uploaded: ... Tickets,10000044328,0,Jan-20,Jul-20,,,X,,,,
POLICY: SagePeople / SalesForce Tickets,10000044632,0,Jan-20,Jan-20,,,X,,,,
Move To HCM: Group Bad Value For Restricted Picklist,10000044634,0,Jan-20,May-23,,,X,,,,
Create a Salesforce Support Case,10000044639,0,Jan-20,Feb-20,,,X,,,,
Add Team Member To Broadbean,10000044682,0,Jan-20,May-23,,,X,,,,
POLICY: Releasing Equipment,10000044708,0,Jan-20,Jan-20,,,X,,,,
Notification From Carrier Voluntary Life Elected For Spouse/Child Without Election For Team Member,10000045363,0,Jan-20,May-23,,,X,,,,
Submit Manager Note Action Won't Go Away,10000045368,0,Jan-20,May-23,,,X,,,,
Office Connector,10000045403,0,Jan-20,Apr-20,,,X,,,,
Receiving Error Message When Attempting To Move To HCM,10000045589,0,Feb-20,May-23,,,X,,,,
POLICIES: Ticket Priorities,10000045723,0,Feb-20,Feb-20,,,X,,,,
POLICY: Stakeholders / Server Reboots,10000045778,0,Feb-20,Apr-20,,,X,,,,
Updating a Team Member record to remove Salesforce Login,10000045779,0,Feb-20,May-23,,,X,,,,
Recruit: Save Button Not Available on Job Offer,10000045899,0,Feb-20,May-23,,,X,,,,
Edit Form -  Employee Acknowledgement of Warning Report Won't Go Away,10000045905,0,Feb-20,May-23,,,X,,,,
Payslips,10000046111,0,Feb-20,May-23,,,X,,,,
Adding a New User to F2F Tracking,10000046164,0,Feb-20,Jun-20,,,X,,,,
Tablet Configuration - iPad,10000046244,0,Feb-20,Feb-20,,,X,,,,
Troubleshooting Single-Sign On Errors,10000046284,0,Feb-20,May-23,,,X,,,,
Add Me to the Address Book,10000046318,0,Feb-20,Feb-20,,,X,,,,
Troubleshooting Training in Sage People,10000046413,0,Feb-20,May-23,,,X,,,,
Verizon,10000046465,0,Feb-20,Jun-20,,,X,,,,
"Receiving ""Attempt To De-Reference A Null Object"" When Trying To Access Absence Calculator",10000046548,0,Feb-20,May-23,,,X,,,,
Manager/Recruiter Emails process failed,10000046549,0,Feb-20,May-23,,,X,,,,
Alert: New Threat Detected - Sideloaded App Installed,10000047140,0,Mar-20,Mar-20,,X,,,,,
Arc GIS Portal,10000047143,0,Mar-20,Mar-20,,X,,,,,
Arc GIS Server,10000047144,0,Mar-20,Mar-20,,X,,,,,
Installation - ARC GIS Licenses,10000047145,0,Mar-20,Mar-20,,X,,,,,
Installation - AlienVault,10000047170,0,Mar-20,Jun-21,,X,,,,,
Procore - HH2 Sync / Timeout Errors,10000047172,0,Mar-20,Nov-24,,X,,,,,
Education,10000047454,0,Mar-20,Mar-20,,X,,,,,
High-severity alert: Mailbox Delegation Created,10000047457,0,Mar-20,Mar-20,,X,,,,,
Education,10000047463,0,Mar-20,Mar-20,,X,,,,,
AT&T,10000047566,0,Mar-20,Jun-20,,X,,,,,
Benefits: Which Fields Transfer / Frequency / Timing?,10000047609,0,Mar-20,May-23,,X,,,,,
Office 365 License Report - Helen Berling,10000047668,0,Mar-20,May-21,,X,,,,,
Installation: Cisco IP Communicator,10000047766,0,Mar-20,Mar-20,,X,,,,,
MaaS360,10000047815,0,Mar-20,Mar-20,,X,,,,,
Running Payslips Process,10000047847,0,Mar-20,May-23,,X,,,,,
"How to Resolve ""This user does not have access to the requested company"" issue after running a Crystal Report in Sage 300 CRE",10000047849,0,Mar-20,Mar-20,,X,,,,,
Installation: Agtek,10000047955,0,Mar-20,Jun-23,,X,,,,,
Process for Team Members Who Can't View Payslips in Sage People,10000048126,0,Mar-20,May-23,,X,,,,,
How to Create a New Work Location in Sage People HCM,10000048742,0,Apr-20,May-23,,X,,,,,
"How to Resolve ""Failed to Retrieve data from database"" error when running a crystal report",10000049143,0,Apr-20,Apr-20,,X,,,,,
ProCore Sync,10000049212,0,Apr-20,Apr-21,,X,,,,,
Slow Google Chrome (also works for Brave),10000049367,0,Apr-20,Apr-20,,X,,,,,
POLICY: Communications Sent via FreshService,10000049478,0,Apr-20,May-20,,X,,,,,
Troubleshooting Keeley U,10000049559,0,May-20,Mar-21,,X,,,,,
POLICY: Updating Tickets,10000049561,0,May-20,May-20,,X,,,,,
Granting Sage People Administrative Access,10000049726,0,May-20,May-23,,X,,,,,
PROCESS - SCRUM Daily Stand Up,10000049966,0,May-20,May-20,,X,,,,,
PROCESS - SCRUM Retrospective,10000049969,0,May-20,May-20,,X,,,,,
PROCESS - Products Used To Manage Projects/Tasks,10000049970,0,May-20,May-20,,X,,,,,
POLICY: Non Dev Request Response Times,10000050248,0,May-20,May-20,,X,,,,,
PROCESS: Development Team Code Reviews,10000050593,0,May-20,May-20,,X,,,,,
ISSUE: Company or Business Unit Not Showing Option,10000050595,0,May-20,Jun-20,,X,,,,,
ISSUE: Blank Page Display When Hitting Action Plan Site,10000050598,0,May-20,May-20,,X,,,,,
ISSUE: Blank Screen When Attempting To View Another Team Member's APs,10000050599,0,May-20,May-20,,X,,,,,
AT&T: Office@Hand,10000050947,0,Jun-20,Jun-20,,X,,,,,
Action Planning Down,10000050998,0,Jun-20,Jun-20,,X,,,,,
Recruit: Changing Draft Open Positions to Templates,10000051008,0,Jun-20,May-23,,X,,,,,
S Drive Permissions,10000051035,0,Jun-20,Nov-20,,X,,,,,
Accessing Keeley Connections and Overview,10000051097,0,Jun-20,Sep-20,,X,,,,,
Adding New Items to Keeley Connections,10000051103,0,Jun-20,Sep-20,,X,,,,,
Updating Active Directory Group Access to Keeley Connections Items,10000051104,0,Jun-20,Sep-20,,X,,,,,
Add A New Market In Salesforce,10000051109,0,Jun-20,Jun-20,,X,,,,,
Desk Phones,10000051113,0,Jun-20,Jun-20,,X,,,,,
iPhone / MaaS360 Troubleshooting,10000051139,0,Jun-20,Jan-21,,X,,,,,
Creating a New User in Active Directory Manually,10000051298,0,Jun-20,Jul-20,,X,,,,,
PROCESS: Terminations,10000051399,0,Jun-20,Sep-24,,X,,,,,
BlueBeam,10000051400,0,Jun-20,Jun-20,,X,,,,,
PROCESS: Orientation Email for LKC,10000051409,0,Jun-20,Jul-23,,X,,,,,
POLICY: Resetting Integration User Passwords In Salesforce and O365,10000051607,0,Jun-20,Jun-20,,X,,,,,
Sage300 Terminal Server Connection Issues,10000051630,0,Jun-20,Jun-20,,X,,,,,
How to Respond to an HR Related Question,10000051674,0,Jul-20,May-23,,X,,,,,
KDG Email Signature Error,10000051891,0,Jul-20,Jul-20,,X,,,,,
Opportunity Page Layouts and what is the Divisions field?,10000051995,0,Jul-20,Jul-20,,X,,,,,
Managing the ADB Co. AR Customer # Picklist Value Set,10000052000,0,Jul-20,Jul-20,,X,,,,,
Troubleshooting i404 /Action Planning,10000052467,0,Jul-20,Oct-20,,X,,,,,
Access Keeley U (Non Company Email Address),10000053780,0,Sep-20,Sep-20,,X,,,,,
[SecureMessenger]: EyeMed Vision Care Membership Reports for ADB COMPANIES,10000053932,0,Sep-20,May-23,,X,,,,,
SECURE: Discrepancy Report_ ADB COMPANIES INC_L00459_6ZS_File,10000053972,0,Sep-20,May-23,,X,,,,,
How to Download Data Loader for Salesforce,10000054307,0,Sep-20,Sep-20,,X,,,,,
Create a New Template For a Form on Safety One Stop Website,10000054531,0,Oct-20,Oct-20,,X,,,,,
Publishing a Saved Template on Safety One Stop Website,10000054533,0,Oct-20,Oct-20,,X,,,,,
Accessing the Active Templates on Safety One Stop Website,10000054539,0,Oct-20,Oct-20,,X,,,,,
Adding Answer Color Options on Safety One Stop Website,10000054540,0,Oct-20,Oct-20,,X,,,,,
Accessing the LKC New Hire Portal,10000054756,0,Oct-20,Oct-20,,X,,,,,
Password for the LKC New Hire Portal,10000054757,0,Oct-20,Oct-20,,X,,,,,
LKC New Hire Portal Troubleshooting Errors Formatting Issues: Date,10000054759,0,Oct-20,Feb-21,,X,,,,,
What to do when a Team Member needs help filling out the forms in the LKC New hire Portal?,10000054760,0,Oct-20,Oct-20,,X,,,,,
What fields are required in the LKC New Hire Portal?,10000054761,0,Oct-20,Oct-20,,X,,,,,
LKC New Hire Portal Signature Capture,10000054762,0,Oct-20,Oct-20,,X,,,,,
How to Create a New Office Location in Sage People Recruit,10000054932,0,Oct-20,May-23,,X,,,,,
Remove Termed User from Action Plans Manually,10000055376,0,Oct-20,Oct-20,,X,,,,,
Setting up a Laptop for New Hire - KDG,10000055473,0,Nov-20,Aug-23,,X,,,,,
Setting up a Laptop Replacement - KDG,10000055474,0,Nov-20,Aug-23,,X,,,,,
User Experience Team Release 11/13/2020,10000055483,0,Nov-20,Nov-20,,X,,,,,
New Hire Requires Attention (Company Email Only),10000055775,0,Nov-20,Nov-20,,X,,,,,
How to Create ADB,10000055983,0,Nov-20,May-23,,X,,,,,
Adding or Deleting a VP on Safety One Stop Forms,10000056827,0,Dec-20,Dec-20,,X,,,,,
Information on Safety One Stop,10000056829,0,Dec-20,Dec-20,,X,,,,,
How to Add Members to Forecasting Groups,10000057526,0,Jan-21,Apr-21,,X,,,,,
How to Remove Users for Forecasting Groups,10000057527,0,Jan-21,Jan-21,,X,,,,,
How to Create a New Group in Azure Active Directory,10000057528,0,Jan-21,Jan-21,,X,,,,,
Paragon Orders: Laptops,10000057711,0,Jan-21,Aug-23,,X,,,,,
Payflow and Payslip Transfer Error Troubleshooting for Service Desk,10000057873,0,Jan-21,Jun-21,,X,,,,,
Part 2- Team Member is Unable to access the Safety One Stop Website,10000058200,0,Feb-21,Apr-21,,X,,,,,
Images not showing on PDF,10000058328,0,Feb-21,Feb-21,,X,,,,,
RESOLVED--KNOWN ISSUE- Supervisor / Superintendent Name not Showing on Completed Forms or PDF's,10000058451,0,Feb-21,Mar-21,,X,,,,,
KNOWN ISSUE- SOS App not loading,10000058592,0,Feb-21,Feb-21,,X,,,,,
Troubleshooting New Hire Portal Issues With Not Being Able to Complete,10000059180,0,Mar-21,Dec-23,X,,,,,,
LKC New Hire Portal Incomplete Onboarding Form Information,10000059183,0,Mar-21,Jun-21,X,,,,,,
PHX Printer Info,10000059191,0,Mar-21,Mar-21,X,,,,,,
LKC Union New Hire Portal Keeley U LMS Training Video,10000059267,0,Mar-21,Jun-21,X,,,,,,
Garland Printer,10000059271,0,Mar-21,Mar-21,X,,,,,,
Trust Relationship Issues with laptops,10000059290,0,Mar-21,Mar-21,X,,,,,,
How to Log-in to the LMS (Company Email Address),10000059494,0,Mar-21,Mar-21,X,,,,,,
How to Log-in to the LMS Via Sage People (With Company Email),10000059498,0,Mar-21,Mar-21,X,,,,,,
How to Log-in to the LMS (Non-Company Email),10000059500,0,Mar-21,Mar-21,X,,,,,,
Granting TM Access to GIS,10000059899,0,Mar-21,Mar-21,X,,,,,,
Part 1- Team Member is Unable to access the Safety One Stop Website,10000060467,0,Apr-21,Apr-21,X,,,,,,
Creating a New AD Group,10000060479,0,Apr-21,Apr-21,X,,,,,,
Payflow Open Enrollment Transfer to Sage CRE,10000060723,0,Apr-21,Apr-21,X,,,,,,
Clearing/Updating Recent People Cache in Outlook,10000061313,0,May-21,Aug-23,X,,,,,,
Move SQL Database by Backup and Restore,10000062412,0,Jul-21,Jul-21,X,,,,,,
KDG Wireless - Clayton on the Park,10000062725,0,Jul-21,Jul-21,X,,,,,,
TPM Error 80090016 - Fix,10000063356,0,Aug-21,Aug-23,X,,,,,,
How to Add Admins to Safety One Stop,10000063691,0,Aug-21,Jan-22,X,,,,,,
Errors progressing through the Portal,10000063998,0,Sep-21,Oct-21,X,,,,,,
How to Upload Training To Sage People,10000064285,0,Sep-21,Nov-23,X,,,,,,
How to Upload ADB Absences to Sage People,10000064286,0,Sep-21,May-23,X,,,,,,
How to Upload #KeeleyCares Records to Sage People,10000064287,0,Sep-21,May-23,X,,,,,,
How to Upload Weekly Safety Training to Sage People,10000064304,0,Sep-21,May-23,X,,,,,,
Adding Salesforce to Outlook,10000064591,0,Sep-21,Sep-21,X,,,,,,
Add User to Sage People Team member,10000064674,0,Oct-21,May-23,X,,,,,,
E3 Monthly Updates To Sage People,10000065191,0,Oct-21,May-23,X,,,,,,
KeeleyLife Tip - Sage People,10000065192,0,Oct-21,May-23,X,,,,,,
Correct An Email Address For A Team Member Who Already Has A License Assigned,10000066443,0,Dec-21,May-23,X,,,,,,
Review log and adding review questions,10000066648,0,Dec-21,Dec-21,X,,,,,,
Load PTO Roll Over,10000067419,0,Jan-22,May-23,X,,,,,,
Adding A New Team Member To Action Planning (i404),10000067629,0,Jan-22,Jan-22,X,,,,,,
Internal Websites,10000068070,0,Feb-22,Aug-23,X,,,,,,
Team Member unable to see Lightning View for Salesforce CRM,10000068483,0,Feb-22,Mar-22,X,,,,,,
Add Outlook Signature to Mobile Devices,10000068494,0,Feb-22,Mar-22,X,,,,,,
My Assistant Not Emailing Reports,10000069310,0,Mar-22,Apr-22,,,,,,,
Odrive Installation,10000069360,0,Mar-22,Sep-23,,,,,,,
New Hire Laptop Setup Checklist 2022,10000069447,0,Mar-22,May-23,,,,,,,
Restarting pVault Services,10000069615,0,Mar-22,Mar-22,,,,,,,
Creating A New Password for a Remote User,10000069845,0,Apr-22,May-23,,,,,,,
Paving Group Setup,10000070269,0,Apr-22,Aug-23,,,,,,,
Sage 300 Reporting Issues,10000070776,0,May-22,May-22,,,,,,,
Avatar Studios Building Access,10000071020,0,Jun-22,Aug-23,,,,,,,
Salesforce - Merge Duplicate Accounts in Lightning Experience,10000071686,0,Jun-22,Jan-23,,,,,,,
How to Upload Contacts and Leads to a Salesforce Campaign using Data Loader,10000072456,0,Jul-22,Jul-22,,,,,,,
Team Member Rescinded Offer,10000073351,0,Aug-22,Aug-22,,,,,,,
Data Recovery Specialist,10000074018,0,Sep-22,Aug-23,,,,,,,
Bluebeam Setup 2023,10000074810,0,Oct-22,Nov-23,,,,,,,
How to Access Shared Calendar and Mailbox,10000075431,0,Nov-22,Oct-23,,,,,,,
How to Connect to Zoom from Conference Room,10000075439,0,Nov-22,Nov-22,,,,,,,
How to push MyAssistant Reports through when they aren't sending,10000075687,0,Dec-22,Dec-22,,,,,,,
Converting Lead into Contact Error Fixed Salesforce,10000075852,0,Dec-22,Jan-23,,,,,,,
How to Add Users to DocuSign,10000075927,0,Dec-22,Aug-23,,,,,,,
MFA Enable/Disable Process,10000076007,0,Dec-22,May-23,,,,,,,
HR Power BI Team Member Report,10000077857,0,Feb-23,Apr-23,,,,,,,
How to fix outlook not responding when creating new or reply to email within remote desktop,10000078585,0,Mar-23,Mar-23,,,,,,,
Updated Team Member Photo Upload,10000078947,0,Apr-23,May-23,,,,,,,
How to Map a Network Drive to Sharepoint,10000079008,0,Apr-23,Nov-23,,,,,,,
IT Best Practices for Ticket Creation,10000080381,0,Jun-23,Jun-23,,,,,,,
Sharepoint Best Practices,10000080384,0,Jun-23,Jun-23,,,,,,,
Changing Keeley Password,10000080575,0,Jun-23,Jun-23,,,,,,,
How to Administratively Shut Down Cisco Switch Port,10000081178,0,Jul-23,Jul-23,,,,,,,
Sage People Payflow Services Process and How to Test,10000081327,0,Jul-23,Jul-23,,,,,,,
Mobile Upgrades for Keeley'ns,10000081415,0,Aug-23,Aug-23,,,,,,,
Renew Apple DEP Token,10000081418,0,Aug-23,Aug-23,,,,,,,
Laptop/Computer Inventory Verification by Department,10000081423,0,Aug-23,Aug-23,,,,,,,
Setting Up and Installation of Bluebeam,10000081432,0,Aug-23,Aug-23,,,,,,,
Adding a Network Printer,10000081519,0,Aug-23,Jul-24,,,,,,,
Troubleshooting Step-by-Step,10000081806,0,Aug-23,Feb-25,,,,,,,
Adding Shared Mailbox Permissions (Desktop),10000081976,0,Aug-23,Jul-24,,,,,,,
Securely Sending Credentials,10000082065,0,Aug-23,Jul-24,,,,,,,
How to Build Ethernet Cables,10000082168,0,Aug-23,Aug-23,,,,,,,
How to Create New Hires in AD with Powershell,10000082198,0,Aug-23,Oct-24,,,,,,,
How to Configure Aruba APs on Aruba Central Website,10000082346,0,Sep-23,Sep-23,,,,,,,
How to Add Aruba Access Points in Aruba Central,10000082347,0,Sep-23,Sep-23,,,,,,,
New Hire Onboarding Process/Device Setup 2023 Version,10000082352,0,Sep-23,Jan-24,,,,,,,
Mimecast: How Users Can Release Messages Held by the Spam Filter,10000082485,0,Sep-23,Sep-23,,,,,,,
Mimecast: Threat Remediation,10000082501,0,Sep-23,Sep-23,,,,,,,
New Hire Process,10000082611,0,Sep-23,Nov-23,,,,,,,
HeavyJob Setup,10000082720,0,Sep-23,Jul-24,,,,,,,
"Troubleshoot Orion ""Server Down"" Alert",10000082770,0,Sep-23,Jan-24,,,,,,,
Mute Orion Alerts,10000082771,0,Sep-23,Jan-24,,,,,,,
Wiping laptops/Surface Pros,10000082939,0,Sep-23,Jul-24,,,,,,,
Bitlocker - Surface Issues,10000082940,0,Sep-23,Jul-24,,,,,,,
Network Troubleshooting Steps,10000083257,0,Oct-23,Nov-24,,,,,,,
Enabling/Disabling Multifactor Authentication (MFA),10000083412,0,Oct-23,Oct-23,,,,,,,
Reporting Emails with the PAB Button,10000083489,0,Oct-23,Oct-23,,,,,,,
How to Configure a Cisco Switch or Router for connection to DHCP Server,10000083493,0,Oct-23,Oct-23,,,,,,,
Installing the Phish Alert Add-In,10000083516,0,Oct-23,Oct-23,,,,,,,
How to Give A consultant Admin access to Salesforce CRM,10000083610,0,Oct-23,Apr-24,,,,,,,
Install DisplayLink Manager/Troubleshooting with Mac,10000083779,0,Nov-23,Nov-23,,,,,,,
Troubleshoot Action Email With Absence/PTO Approval,10000083867,0,Nov-23,Nov-23,,,,,,,
How To Enter a Meeting/F2F in Salesforce for Someone else,10000083904,0,Nov-23,Jul-24,,,,,,,
Sage People Unable To Select Group On Job Offer/Move To HCM,10000083967,0,Nov-23,Nov-23,,,,,,,
Payroll Macro For Time Import Into Sage 300 CRE,10000083968,0,Nov-23,Nov-23,,,,,,,
New Hire Laptops - Bulk Order Tracking,10000084119,0,Nov-23,Jul-24,,,,,,,
Resetting Authenticator App,10000084510,0,Dec-23,Dec-23,,,,,,,
Finding Local Admin Password,10000084583,0,Dec-23,Dec-23,,,,,,,
Group Permissions,10000084882,0,Dec-23,Dec-23,,,,,,,
Handling Phishing Tickets,10000084949,0,Dec-23,Dec-23,,,,,,,
Sage People SSO - User unable to login,10000085183,0,Dec-23,Dec-23,,,,,,,
Remote Administration of On-Premises Physical Servers,10000085421,0,Jan-24,Jan-24,,,,,,,
Remote Administration of On-Premises Virtual Servers,10000085422,0,Jan-24,Jan-24,,,,,,,
How to Subnet a Network,10000087048,0,Jan-24,Jan-24,,,,,,,
Salesforce Authenticator - How To Disconnect,10000087787,0,Feb-24,Feb-24,,,,,,,
How To Connect to a Network Shared Printer,10000089537,0,Mar-24,Nov-24,,,,,,,
Mimecast:  Releasing Attachments,10000089691,0,Mar-24,Mar-24,,,,,,,
New Computer - Autopilot,10000089809,0,Mar-24,Oct-24,,,,,,,
Manually Collecting Hash,10000089818,0,Mar-24,Mar-24,,,,,,,
Map a Network Drive in Mac,10000089941,0,Mar-24,Mar-24,,,,,,,
AT&T and Verizon Account Information,10000090184,0,Apr-24,Jan-25,,,,,,,
Increase Max Size for .PST / .OST,10000090484,0,Apr-24,Apr-24,,,,,,,
How to Clear TPM Chip,10000090539,0,Apr-24,May-24,,,,,,,
How to give Sharepoint permissions,10000090584,0,Apr-24,May-24,,,,,,,
BitLocker Enable -error format,10000090708,0,May-24,May-24,,,,,,,
HCSS Mobile,10000090927,0,May-24,Sep-24,,,,,,,
Go Daddy Login Process for authenication,10000090928,0,May-24,May-24,,,,,,,
Fleet Defense Support,10000091032,0,May-24,May-24,,,,,,,
How to setup Morgan’s printer for local users,10000091036,0,May-24,May-24,,,,,,,
"P6 ""Workaround""",10000091112,0,May-24,Sep-24,,,,,,,
P6 Password reset,10000091116,0,May-24,Dec-24,,,,,,,
Reset Voicemail Password (AT&T and Verizon),10000091213,0,May-24,Sep-24,,,,,,,
How to Update Registry Entries Using Powershell,10000091239,0,May-24,May-24,,,,,,,
PCL  XL Error,10000091263,0,May-24,May-24,,,,,,,
OCR extension in Bluebeam,10000091322,0,Jun-24,Sep-24,,,,,,,
How to Change the Default Paper Size for Printers,10000091394,0,Jun-24,Sep-24,,,,,,,
Add License to PDFCreator,10000091474,0,Jun-24,Nov-24,,,,,,,
You can't sync a shared folder that's set as a shortcut in OneDrive sync app,10000091529,0,Jun-24,Nov-24,,,,,,,
How to Give User Access to SQL Server Management Studio,10000091592,0,Jun-24,Jun-24,,,,,,,
Escalation Flow,10000091594,0,Jun-24,Nov-24,,,,,,,
Internal DNS CNAME and A record changes on Internal DNS server,10000091671,0,Jun-24,Nov-24,,,,,,,
Restarting creston pad after power outage,10000091685,0,Jun-24,Jun-24,,,,,,,
How to create KB article Template,10000091755,0,Jun-24,Jun-24,,,,,,,
How to Update Email Addresses to the New KeeleyConstruction Format,10000091756,0,Jun-24,Jun-24,,,,,,,
"Adding users to the ""Intune - Bluebeam Users"" group",10000091847,0,Jun-24,Sep-24,,,,,,,
Error: “Content is not allowed in trailing section.” when opening PSQL Monitor Utility,10000091908,0,Jul-24,Jul-24,,,,,,,
How to Create an AT&T Ticket,10000092047,0,Jul-24,Jul-24,,,,,,,
Outside Vendor temp user creation,10000092182,0,Jul-24,Nov-24,,,,,,,
Create an Outlook profile,10000092187,0,Jul-24,Nov-24,,,,,,,
Rusty's Unread Messages IPHONE IPAD,10000092191,0,Jul-24,Nov-24,,,,,,,
Sign out of Office,10000092240,0,Jul-24,Nov-24,,,,,,,
How to Reset Administrator Password as Standard User in Windows,10000092309,0,Jul-24,Nov-24,,,,,,,
Restoring factory BIOS after corrupt updates.,10000092364,0,Jul-24,Sep-24,,,,,,,
How to Change Number (AT&T and Verizon),10000092498,0,Jul-24,Sep-24,,,,,,,
How to Enable Remote Desktop Access for User,10000092682,0,Aug-24,Sep-24,,,,,,,
HOW TO ADD NEW USER TO FIELDPOINT,10000092816,0,Aug-24,Nov-24,,,,,,,
SalesForce Admin Login and IPAD MFA,10000092895,0,Aug-24,Sep-24,,,,,,,
Verizon PIN,10000092901,0,Aug-24,Dec-24,,,,,,,
How to Share from Teams/SharePoint with External Users,10000092902,0,Aug-24,Sep-24,,,,,,,
How Data is Sent/Received on Network Devices,10000093447,0,Aug-24,Aug-24,,,,,,,
How to Block Inheritance for testing against Intune Policies,10000093475,0,Aug-24,Aug-24,,,,,,,
User needs multiple email Alias for keeley restoration,10000093546,0,Sep-24,Sep-24,,,,,,,
Printer adds to RDS01,10000093551,0,Sep-24,Sep-24,,,,,,,
Teams Folder missing and channels hidden,10000093561,0,Sep-24,Sep-24,,,,,,,
Distribution List Script for usage case,10000093910,0,Sep-24,Nov-24,,,,,,,
How to Upgrade firmware on a Cisco Switch,10000093913,0,Sep-24,Sep-24,,,,,,,
How to set up Microsoft Exchange Email on Apple Devices,10000093943,0,Sep-24,Sep-24,,,,,,,
Publisher cannot save the file,10000094222,0,Sep-24,Nov-24,,,,,,,
INTUNE App location for computer or user,10000094327,0,Sep-24,Oct-24,,,,,,,
Admin-User Creation and Configure P6 Database Access on AZ-RDS01,10000094440,0,Oct-24,Dec-24,,,,,,,
Message Trace,10000094510,0,Oct-24,Nov-24,,,,,,,
Upgrade Windows 11 Home to Windows 11 Pro,10000094617,0,Oct-24,Feb-25,,,,,,,
Equipment Orders,10000094657,0,Oct-24,Oct-24,,,,,,,
How to Change Devices in AT&T and Verizon Portals,10000094681,0,Oct-24,Oct-24,,,,,,,
How to fix Microsoft Outlook Error 0x80040115 in Windows 11/10,10000094992,0,Nov-24,Nov-24,,,,,,,
Power BI App access to Underbillings Notes,10000095124,0,Nov-24,Nov-24,,,,,,,
How to re-install MACos,10000095156,0,Nov-24,Nov-24,,,,,,,
How to check if your windows PC is joined to a domain,10000095170,0,Nov-24,Nov-24,,,,,,,
TAPS (temporary access pass)  for bypass of MFA,10000095222,0,Nov-24,Nov-24,,,,,,,
How to Hard Reset the Fiery Marketing printer.,10000095304,0,Nov-24,Nov-24,,,,,,,
How to Check Rules for a Dynamic Group,10000095593,0,Dec-24,Dec-24,,,,,,,
Neat Article for setting it up,10000095596,0,Dec-24,Dec-24,,,,,,,
HH2_Restart script,10000095654,0,Dec-24,Dec-24,,,,,,,
Windows Blocker Preventing Download,10000095910,0,Dec-24,Dec-24,,,,,,,
Authenticating on a Mobile Device without a QR code to scan.,10000095912,0,Dec-24,Dec-24,,,,,,,
Signature Image error,10000095942,0,Dec-24,Dec-24,,,,,,,
"Excel not opening ""msvcp140_atomic_wait.dll was not found""",10000096192,0,Jan-25,Jan-25,,,,,,,
ReBuild windows user profile for OST install issue,10000096199,0,Jan-25,Jan-25,,,,,,,
Resolving Email Loopback Issues with Forwarding Rules,10000096285,0,Jan-25,Jan-25,,,,,,,
How to set Aruba APs to have Static IP Addresses,10000096508,0,Jan-25,Jan-25,,,,,,,
How to Set Up Scan to Email on a Printer,10000096882,0,Feb-25,Feb-25,,,,,,,
